Layer,Month,Year,Date,Tile_item_id,Tile_Name,Tile_URL,FC_item_id,FC_Name,FC_URL
US Vessel Traffic 2015 01,01,2015,2015_01,f05e886d339f49f5ab7589158b862326,US_Vessel_Traffic_2015_01_optimized,https://tiles.arcgis.com/tiles/P3ePLMYs2RVChkJx/arcgis/rest/services/US_Vessel_Traffic_2015_01_optimized/VectorTileServer,05dc89d63524430bafbf95609f003b5c,US_Vessel_Traffic_2015_01_creds,https://utility.arcgis.com/usrsvcs/servers/05dc89d63524430bafbf95609f003b5c/rest/services/AIS/2015_US_Vessel_Traffic/FeatureServer/0
US Vessel Traffic 2015 02,02,2015,2015_02,25f601a39622489cbab8a61ef25c6fc3,US_Vessel_Traffic_2015_02_optimized,https://tiles.arcgis.com/tiles/P3ePLMYs2RVChkJx/arcgis/rest/services/US_Vessel_Traffic_2015_02_optimized/VectorTileServer,1f469ee3c56948d2b2458ff51ff4ea63,US_Vessel_Traffic_2015_02_creds,https://utility.arcgis.com/usrsvcs/servers/1f469ee3c56948d2b2458ff51ff4ea63/rest/services/AIS/2015_US_Vessel_Traffic/FeatureServer/1
US Vessel Traffic 2015 03,03,2015,2015_03,d6258af016414dbab977e0d12981575c,US_Vessel_Traffic_2015_03_optimized,https://tiles.arcgis.com/tiles/P3ePLMYs2RVChkJx/arcgis/rest/services/US_Vessel_Traffic_2015_03_optimized/VectorTileServer,c6786fa1726d46748afcffede87cfa0b,US_Vessel_Traffic_2015_03_creds,https://utility.arcgis.com/usrsvcs/servers/c6786fa1726d46748afcffede87cfa0b/rest/services/AIS/2015_US_Vessel_Traffic/FeatureServer/2
US Vessel Traffic 2015 04,04,2015,2015_04,fdc6c1399f2f4a9992bbb32d30044f2f,US_Vessel_Traffic_2015_04_optimized,https://tiles.arcgis.com/tiles/P3ePLMYs2RVChkJx/arcgis/rest/services/US_Vessel_Traffic_2015_04_optimized/VectorTileServer,21857f00907c4ee79b3ad5da18993f0c,US_Vessel_Traffic_2015_04_creds,https://utility.arcgis.com/usrsvcs/servers/21857f00907c4ee79b3ad5da18993f0c/rest/services/AIS/2015_US_Vessel_Traffic/FeatureServer/3
US Vessel Traffic 2015 05,05,2015,2015_05,72ce81d0730e4549bfbfd49ad9d054cb,US_Vessel_Traffic_2015_05_optimized,https://tiles.arcgis.com/tiles/P3ePLMYs2RVChkJx/arcgis/rest/services/US_Vessel_Traffic_2015_05_optimized/VectorTileServer,7df4e23a4452402396d7df41a8581613,US_Vessel_Traffic_2015_05_creds,https://utility.arcgis.com/usrsvcs/servers/7df4e23a4452402396d7df41a8581613/rest/services/AIS/2015_US_Vessel_Traffic/FeatureServer/4
US Vessel Traffic 2015 06,06,2015,2015_06,dd3f7dcb3a504d04ba79ae4e16869c3c,US_Vessel_Traffic_2015_06_optimized,https://tiles.arcgis.com/tiles/P3ePLMYs2RVChkJx/arcgis/rest/services/US_Vessel_Traffic_2015_06_optimized/VectorTileServer,c4c8fc15d21e4c95be3adece4a357551,US_Vessel_Traffic_2015_06_creds,https://utility.arcgis.com/usrsvcs/servers/c4c8fc15d21e4c95be3adece4a357551/rest/services/AIS/2015_US_Vessel_Traffic/FeatureServer/5
US Vessel Traffic 2015 07,07,2015,2015_07,a9cbbf202115431bb3f6b5ae54cd9ecc,US_Vessel_Traffic_2015_07_optimized,https://tiles.arcgis.com/tiles/P3ePLMYs2RVChkJx/arcgis/rest/services/US_Vessel_Traffic_2015_07_optimized/VectorTileServer,22200bfd038d4b8883c6f41f3382b813,US_Vessel_Traffic_2015_07_creds,https://utility.arcgis.com/usrsvcs/servers/22200bfd038d4b8883c6f41f3382b813/rest/services/AIS/2015_US_Vessel_Traffic/FeatureServer/6
US Vessel Traffic 2015 08,08,2015,2015_08,f718db8b232b4001a4a1d517f2b500ba,US_Vessel_Traffic_2015_08_optimized,https://tiles.arcgis.com/tiles/P3ePLMYs2RVChkJx/arcgis/rest/services/US_Vessel_Traffic_2015_08_optimized/VectorTileServer,73098f9e90cb4922a8c1b6f2eaaaa089,US_Vessel_Traffic_2015_08_creds,https://utility.arcgis.com/usrsvcs/servers/73098f9e90cb4922a8c1b6f2eaaaa089/rest/services/AIS/2015_US_Vessel_Traffic/FeatureServer/7
US Vessel Traffic 2015 09,09,2015,2015_09,21be42f6de4943bca31637a9922e2133,US_Vessel_Traffic_2015_09_optimized,https://tiles.arcgis.com/tiles/P3ePLMYs2RVChkJx/arcgis/rest/services/US_Vessel_Traffic_2015_09_optimized/VectorTileServer,593609575e624dfd85639d6dbeb5cd76,US_Vessel_Traffic_2015_09_creds,https://utility.arcgis.com/usrsvcs/servers/593609575e624dfd85639d6dbeb5cd76/rest/services/AIS/2015_US_Vessel_Traffic/FeatureServer/8
US Vessel Traffic 2015 10,10,2015,2015_10,5445307a60c34f879e0a914cbc8cd96f,US_Vessel_Traffic_2015_10_optimized,https://tiles.arcgis.com/tiles/P3ePLMYs2RVChkJx/arcgis/rest/services/US_Vessel_Traffic_2015_10_optimized/VectorTileServer,476e3d59122f4760b27f5e64c90d18ad,US_Vessel_Traffic_2015_10_creds,https://utility.arcgis.com/usrsvcs/servers/476e3d59122f4760b27f5e64c90d18ad/rest/services/AIS/2015_US_Vessel_Traffic/FeatureServer/9
US Vessel Traffic 2015 11,11,2015,2015_11,a059719bec44490cb6f492675ebe4feb,US_Vessel_Traffic_2015_11_optimized,https://tiles.arcgis.com/tiles/P3ePLMYs2RVChkJx/arcgis/rest/services/US_Vessel_Traffic_2015_11_optimized/VectorTileServer,e4dc41a38af64bae85fbeaf580d8b705,US_Vessel_Traffic_2015_11_creds,https://utility.arcgis.com/usrsvcs/servers/e4dc41a38af64bae85fbeaf580d8b705/rest/services/AIS/2015_US_Vessel_Traffic/FeatureServer/10
US Vessel Traffic 2015 12,12,2015,2015_12,263acb6e475c41609ea3649307a55290,US_Vessel_Traffic_2015_12_optimized,https://tiles.arcgis.com/tiles/P3ePLMYs2RVChkJx/arcgis/rest/services/US_Vessel_Traffic_2015_12_optimized/VectorTileServer,3c9221675eed4715ab8d5c6df4b40f55,US_Vessel_Traffic_2015_12_creds,https://utility.arcgis.com/usrsvcs/servers/3c9221675eed4715ab8d5c6df4b40f55/rest/services/AIS/2015_US_Vessel_Traffic/FeatureServer/11
US Vessel Traffic 2016 01,01,2016,2016_01,beea871328ef49ee891059c9bc184efa,US_Vessel_Traffic_2016_01_optimized,https://tiles.arcgis.com/tiles/P3ePLMYs2RVChkJx/arcgis/rest/services/US_Vessel_Traffic_2016_01_optimized/VectorTileServer,25b8b0e3a241471384bdde73ba8c010c,US_Vessel_Traffic_2016_01_creds,https://utility.arcgis.com/usrsvcs/servers/25b8b0e3a241471384bdde73ba8c010c/rest/services/AIS/2016_US_Vessel_Traffic/FeatureServer/0
US Vessel Traffic 2016 02,02,2016,2016_02,fe1c5a8cba5143c18be983d1fddeb337,US_Vessel_Traffic_2016_02_optimized,https://tiles.arcgis.com/tiles/P3ePLMYs2RVChkJx/arcgis/rest/services/US_Vessel_Traffic_2016_02_optimized/VectorTileServer,64a1bacf5195496b95e7fef837cf7599,US_Vessel_Traffic_2016_02_creds,https://utility.arcgis.com/usrsvcs/servers/64a1bacf5195496b95e7fef837cf7599/rest/services/AIS/2016_US_Vessel_Traffic/FeatureServer/1
US Vessel Traffic 2016 03,03,2016,2016_03,e686ca10bb824f2f8cae6880dfd4fad7,US_Vessel_Traffic_2016_03_optimized,https://tiles.arcgis.com/tiles/P3ePLMYs2RVChkJx/arcgis/rest/services/US_Vessel_Traffic_2016_03_optimized/VectorTileServer,ce2a4e37019a4a4a97210d586b83103d,US_Vessel_Traffic_2016_03_creds,https://utility.arcgis.com/usrsvcs/servers/ce2a4e37019a4a4a97210d586b83103d/rest/services/AIS/2016_US_Vessel_Traffic/FeatureServer/2
US Vessel Traffic 2016 04,04,2016,2016_04,e1d059074c7c465db5d3e77b50491668,US_Vessel_Traffic_2016_04_optimized,https://tiles.arcgis.com/tiles/P3ePLMYs2RVChkJx/arcgis/rest/services/US_Vessel_Traffic_2016_04_optimized/VectorTileServer,fae34d7638be4d08955b66c538a09cfd,US_Vessel_Traffic_2016_04_creds,https://utility.arcgis.com/usrsvcs/servers/fae34d7638be4d08955b66c538a09cfd/rest/services/AIS/2016_US_Vessel_Traffic/FeatureServer/3
US Vessel Traffic 2016 05,05,2016,2016_05,cc2a8d836d214445ba2819dc03df6e94,US_Vessel_Traffic_2016_05_optimized,https://tiles.arcgis.com/tiles/P3ePLMYs2RVChkJx/arcgis/rest/services/US_Vessel_Traffic_2016_05_optimized/VectorTileServer,c95d508b0aa845f383addfff4e80e329,US_Vessel_Traffic_2016_05_creds,https://utility.arcgis.com/usrsvcs/servers/c95d508b0aa845f383addfff4e80e329/rest/services/AIS/2016_US_Vessel_Traffic/FeatureServer/4
US Vessel Traffic 2016 06,06,2016,2016_06,457942d2b9af472789c5b60bb2983c53,US_Vessel_Traffic_2016_06_optimized,https://tiles.arcgis.com/tiles/P3ePLMYs2RVChkJx/arcgis/rest/services/US_Vessel_Traffic_2016_06_optimized/VectorTileServer,3b25d9e5bda1409881b34157f9c20089,US_Vessel_Traffic_2016_06_creds,https://utility.arcgis.com/usrsvcs/servers/3b25d9e5bda1409881b34157f9c20089/rest/services/AIS/2016_US_Vessel_Traffic/FeatureServer/5
US Vessel Traffic 2016 07,07,2016,2016_07,cf1f40f48c8e492ea4a5b4564f814d28,US_Vessel_Traffic_2016_07_optimized,https://tiles.arcgis.com/tiles/P3ePLMYs2RVChkJx/arcgis/rest/services/US_Vessel_Traffic_2016_07_optimized/VectorTileServer,af41186a4d914a72bb2c037ee793c230,US_Vessel_Traffic_2016_07_creds,https://utility.arcgis.com/usrsvcs/servers/af41186a4d914a72bb2c037ee793c230/rest/services/AIS/2016_US_Vessel_Traffic/FeatureServer/6
US Vessel Traffic 2016 08,08,2016,2016_08,1e3eb4f391014a8abd8f3c893adb92ea,US_Vessel_Traffic_2016_08_optimized,https://tiles.arcgis.com/tiles/P3ePLMYs2RVChkJx/arcgis/rest/services/US_Vessel_Traffic_2016_08_optimized/VectorTileServer,e5e99581b6ce4a199de3fe6fb2320877,US_Vessel_Traffic_2016_08_creds,https://utility.arcgis.com/usrsvcs/servers/e5e99581b6ce4a199de3fe6fb2320877/rest/services/AIS/2016_US_Vessel_Traffic/FeatureServer/7
US Vessel Traffic 2016 09,09,2016,2016_09,8ea79cd54fa2430a96b95ed673cea228,US_Vessel_Traffic_2016_09_optimized,https://tiles.arcgis.com/tiles/P3ePLMYs2RVChkJx/arcgis/rest/services/US_Vessel_Traffic_2016_09_optimized/VectorTileServer,32a6970ad0084774bf455a8e31c4b0e9,US_Vessel_Traffic_2016_09_creds,https://utility.arcgis.com/usrsvcs/servers/32a6970ad0084774bf455a8e31c4b0e9/rest/services/AIS/2016_US_Vessel_Traffic/FeatureServer/8
US Vessel Traffic 2016 10,10,2016,2016_10,9a006bf5d08a4a45be4d7b69222efeff,US_Vessel_Traffic_2016_10_optimized,https://tiles.arcgis.com/tiles/P3ePLMYs2RVChkJx/arcgis/rest/services/US_Vessel_Traffic_2016_10_optimized/VectorTileServer,b4e6cf83b48b4fa6b00bce8dde31ffd2,US_Vessel_Traffic_2016_10_creds,https://utility.arcgis.com/usrsvcs/servers/b4e6cf83b48b4fa6b00bce8dde31ffd2/rest/services/AIS/2016_US_Vessel_Traffic/FeatureServer/9
US Vessel Traffic 2016 11,11,2016,2016_11,db0df541382f4731995a169e51e7f412,US_Vessel_Traffic_2016_11_optimized,https://tiles.arcgis.com/tiles/P3ePLMYs2RVChkJx/arcgis/rest/services/US_Vessel_Traffic_2016_11_optimized/VectorTileServer,f1b2aaa0c0e944b480988d90fc5ed477,US_Vessel_Traffic_2016_11_creds,https://utility.arcgis.com/usrsvcs/servers/f1b2aaa0c0e944b480988d90fc5ed477/rest/services/AIS/2016_US_Vessel_Traffic/FeatureServer/10
US Vessel Traffic 2016 12,12,2016,2016_12,1a424ffa3a974f64858cb4897fe9b60c,US_Vessel_Traffic_2016_12_optimized,https://tiles.arcgis.com/tiles/P3ePLMYs2RVChkJx/arcgis/rest/services/US_Vessel_Traffic_2016_12_optimized/VectorTileServer,b90f6720659f4cae826b9ff6b53135da,US_Vessel_Traffic_2016_12_creds,https://utility.arcgis.com/usrsvcs/servers/b90f6720659f4cae826b9ff6b53135da/rest/services/AIS/2016_US_Vessel_Traffic/FeatureServer/11
US Vessel Traffic 2017 01,01,2017,2017_01,79c72e88370941cc8380192d7e6ead3c,US_Vessel_Traffic_2017_01_optimized,https://tiles.arcgis.com/tiles/P3ePLMYs2RVChkJx/arcgis/rest/services/US_Vessel_Traffic_2017_01_optimized/VectorTileServer,451190be4160477996ecef266915d832,US_Vessel_Traffic_2017_01_creds,https://utility.arcgis.com/usrsvcs/servers/451190be4160477996ecef266915d832/rest/services/AIS/2017_US_Vessel_Traffic/FeatureServer/0
US Vessel Traffic 2017 02,02,2017,2017_02,ddb7784bfe424acebde6a57f3a95e3fe,US_Vessel_Traffic_2017_02_optimized,https://tiles.arcgis.com/tiles/P3ePLMYs2RVChkJx/arcgis/rest/services/US_Vessel_Traffic_2017_02_optimized/VectorTileServer,9e8c89397abc4aa682154559dcc268e9,US_Vessel_Traffic_2017_02_creds,https://utility.arcgis.com/usrsvcs/servers/9e8c89397abc4aa682154559dcc268e9/rest/services/AIS/2017_US_Vessel_Traffic/FeatureServer/1
US Vessel Traffic 2017 03,03,2017,2017_03,91794c9a318f44d693baee69f6d4d9ff,US_Vessel_Traffic_2017_03_optimized,https://tiles.arcgis.com/tiles/P3ePLMYs2RVChkJx/arcgis/rest/services/US_Vessel_Traffic_2017_03_optimized/VectorTileServer,5485b5aaaf4a49da8346fb030187cf48,US_Vessel_Traffic_2017_03_creds,https://utility.arcgis.com/usrsvcs/servers/5485b5aaaf4a49da8346fb030187cf48/rest/services/AIS/2017_US_Vessel_Traffic/FeatureServer/2
US Vessel Traffic 2017 04,04,2017,2017_04,e293e1b5354a4944bf659f8d3040f243,US_Vessel_Traffic_2017_04_optimized,https://tiles.arcgis.com/tiles/P3ePLMYs2RVChkJx/arcgis/rest/services/US_Vessel_Traffic_2017_04_optimized/VectorTileServer,b1436ee13b9f43dba6018a1cbe3aaf8b,US_Vessel_Traffic_2017_04_creds,https://utility.arcgis.com/usrsvcs/servers/b1436ee13b9f43dba6018a1cbe3aaf8b/rest/services/AIS/2017_US_Vessel_Traffic/FeatureServer/3
US Vessel Traffic 2017 05,05,2017,2017_05,d9fdfd8bb6ca43dab0038afc4bd8e1e4,US_Vessel_Traffic_2017_05_optimized,https://tiles.arcgis.com/tiles/P3ePLMYs2RVChkJx/arcgis/rest/services/US_Vessel_Traffic_2017_05_optimized/VectorTileServer,aeb4322909b4441594d82fb4ea7e2906,US_Vessel_Traffic_2017_05_creds,https://utility.arcgis.com/usrsvcs/servers/aeb4322909b4441594d82fb4ea7e2906/rest/services/AIS/2017_US_Vessel_Traffic/FeatureServer/4
US Vessel Traffic 2017 06,06,2017,2017_06,7161f8bef76d494d9a311267daf4c91a,US_Vessel_Traffic_2017_06_optimized,https://tiles.arcgis.com/tiles/P3ePLMYs2RVChkJx/arcgis/rest/services/US_Vessel_Traffic_2017_06_optimized/VectorTileServer,0d6cfe67582a49b5bcaf8e9d166f4234,US_Vessel_Traffic_2017_06_creds,https://utility.arcgis.com/usrsvcs/servers/0d6cfe67582a49b5bcaf8e9d166f4234/rest/services/AIS/2017_US_Vessel_Traffic/FeatureServer/5
US Vessel Traffic 2017 07,07,2017,2017_07,369834c797bc45c1be1002bcf95ccf9e,US_Vessel_Traffic_2017_07_optimized,https://tiles.arcgis.com/tiles/P3ePLMYs2RVChkJx/arcgis/rest/services/US_Vessel_Traffic_2017_07_optimized/VectorTileServer,f28e211897e941f09745961121a49927,US_Vessel_Traffic_2017_07_creds,https://utility.arcgis.com/usrsvcs/servers/f28e211897e941f09745961121a49927/rest/services/AIS/2017_US_Vessel_Traffic/FeatureServer/6
US Vessel Traffic 2017 08,08,2017,2017_08,6eeaaa9fa123476cae1ce5b644f3d9b2,US_Vessel_Traffic_2017_08_optimized,https://tiles.arcgis.com/tiles/P3ePLMYs2RVChkJx/arcgis/rest/services/US_Vessel_Traffic_2017_08_optimized/VectorTileServer,32cebc69603b4730882dc59ef7145cf6,US_Vessel_Traffic_2017_08_creds,https://utility.arcgis.com/usrsvcs/servers/32cebc69603b4730882dc59ef7145cf6/rest/services/AIS/2017_US_Vessel_Traffic/FeatureServer/7
US Vessel Traffic 2017 09,09,2017,2017_09,364be1c60a794d77b88f606a9031dbad,US_Vessel_Traffic_2017_09_optimized,https://tiles.arcgis.com/tiles/P3ePLMYs2RVChkJx/arcgis/rest/services/US_Vessel_Traffic_2017_09_optimized/VectorTileServer,e62b85480fc440b4988cb2b8fab4c48c,US_Vessel_Traffic_2017_09_creds,https://utility.arcgis.com/usrsvcs/servers/e62b85480fc440b4988cb2b8fab4c48c/rest/services/AIS/2017_US_Vessel_Traffic/FeatureServer/8
US Vessel Traffic 2017 10,10,2017,2017_10,460e6dd01bde48ba947f8d69b0916c12,US_Vessel_Traffic_2017_10_optimized,https://tiles.arcgis.com/tiles/P3ePLMYs2RVChkJx/arcgis/rest/services/US_Vessel_Traffic_2017_10_optimized/VectorTileServer,d102c3594a75474d9735668a12436491,US_Vessel_Traffic_2017_10_creds,https://utility.arcgis.com/usrsvcs/servers/d102c3594a75474d9735668a12436491/rest/services/AIS/2017_US_Vessel_Traffic/FeatureServer/9
US Vessel Traffic 2017 11,11,2017,2017_11,74bc29598b30441e8b7a6c9dbaa73a83,US_Vessel_Traffic_2017_11_optimized,https://tiles.arcgis.com/tiles/P3ePLMYs2RVChkJx/arcgis/rest/services/US_Vessel_Traffic_2017_11_optimized/VectorTileServer,864de51409d64e3ab5639cfd8767de21,US_Vessel_Traffic_2017_11_creds,https://utility.arcgis.com/usrsvcs/servers/864de51409d64e3ab5639cfd8767de21/rest/services/AIS/2017_US_Vessel_Traffic/FeatureServer/10
US Vessel Traffic 2017 12,12,2017,2017_12,d5db8ad891a042349db690db41a7a542,US_Vessel_Traffic_2017_12_optimized,https://tiles.arcgis.com/tiles/P3ePLMYs2RVChkJx/arcgis/rest/services/US_Vessel_Traffic_2017_12_optimized/VectorTileServer,7fb7dda063f54faf81df9163d293a5fa,US_Vessel_Traffic_2017_12_creds,https://utility.arcgis.com/usrsvcs/servers/7fb7dda063f54faf81df9163d293a5fa/rest/services/AIS/2017_US_Vessel_Traffic/FeatureServer/11
US Vessel Traffic 2018 01,01,2018,2018_01,124e11d554e04be09461e1b961e88b2f,US_Vessel_Traffic_2018_01_optimized,https://tiles.arcgis.com/tiles/P3ePLMYs2RVChkJx/arcgis/rest/services/US_Vessel_Traffic_2018_01_optimized/VectorTileServer,09ca24f148d244ca86e49a1909d58b86,US_Vessel_Traffic_2018_01_creds,https://utility.arcgis.com/usrsvcs/servers/09ca24f148d244ca86e49a1909d58b86/rest/services/AIS/2018_US_Vessel_Traffic/FeatureServer/0
US Vessel Traffic 2018 02,02,2018,2018_02,52913b20077e4af084b552bd7ae4129d,US_Vessel_Traffic_2018_02_optimized,https://tiles.arcgis.com/tiles/P3ePLMYs2RVChkJx/arcgis/rest/services/US_Vessel_Traffic_2018_02_optimized/VectorTileServer,53bb1cc97e364c7fad5cbafb0d7e6cac,US_Vessel_Traffic_2018_02_creds,https://utility.arcgis.com/usrsvcs/servers/53bb1cc97e364c7fad5cbafb0d7e6cac/rest/services/AIS/2018_US_Vessel_Traffic/FeatureServer/1
US Vessel Traffic 2018 03,03,2018,2018_03,01cb9ac9cdff47fdb1b928196ed78520,US_Vessel_Traffic_2018_03_optimized,https://tiles.arcgis.com/tiles/P3ePLMYs2RVChkJx/arcgis/rest/services/US_Vessel_Traffic_2018_03_optimized/VectorTileServer,812d298a386248dfbcd72203695864cd,US_Vessel_Traffic_2018_03_creds,https://utility.arcgis.com/usrsvcs/servers/812d298a386248dfbcd72203695864cd/rest/services/AIS/2018_US_Vessel_Traffic/FeatureServer/2
US Vessel Traffic 2018 04,04,2018,2018_04,e9100d3ebe71493d95d8889ba719055a,US_Vessel_Traffic_2018_04_optimized,https://tiles.arcgis.com/tiles/P3ePLMYs2RVChkJx/arcgis/rest/services/US_Vessel_Traffic_2018_04_optimized/VectorTileServer,b09a7db0fa694646a9660198bb96b0cd,US_Vessel_Traffic_2018_04_creds,https://utility.arcgis.com/usrsvcs/servers/b09a7db0fa694646a9660198bb96b0cd/rest/services/AIS/2018_US_Vessel_Traffic/FeatureServer/3
US Vessel Traffic 2018 05,05,2018,2018_05,5531a471572143d9a102c5d8470b5a3c,US_Vessel_Traffic_2018_05_optimized,https://tiles.arcgis.com/tiles/P3ePLMYs2RVChkJx/arcgis/rest/services/US_Vessel_Traffic_2018_05_optimized/VectorTileServer,9aeb06c5557c45a3b56bfa2f40d2b4c7,US_Vessel_Traffic_2018_05_creds,https://utility.arcgis.com/usrsvcs/servers/9aeb06c5557c45a3b56bfa2f40d2b4c7/rest/services/AIS/2018_US_Vessel_Traffic/FeatureServer/4
US Vessel Traffic 2018 06,06,2018,2018_06,7e3f92370d404aaa80e1ca101c2596dd,US_Vessel_Traffic_2018_06_optimized,https://tiles.arcgis.com/tiles/P3ePLMYs2RVChkJx/arcgis/rest/services/US_Vessel_Traffic_2018_06_optimized/VectorTileServer,2b362907f0ba4415b2f3bd663688ddef,US_Vessel_Traffic_2018_06_creds,https://utility.arcgis.com/usrsvcs/servers/2b362907f0ba4415b2f3bd663688ddef/rest/services/AIS/2018_US_Vessel_Traffic/FeatureServer/5
US Vessel Traffic 2018 07,07,2018,2018_07,587965e8936546fabcc56401f2113dcc,US_Vessel_Traffic_2018_07_optimized,https://tiles.arcgis.com/tiles/P3ePLMYs2RVChkJx/arcgis/rest/services/US_Vessel_Traffic_2018_07_optimized/VectorTileServer,99b465735ef844fd86d45738b5d5b77d,US_Vessel_Traffic_2018_07_creds,https://utility.arcgis.com/usrsvcs/servers/99b465735ef844fd86d45738b5d5b77d/rest/services/AIS/2018_US_Vessel_Traffic/FeatureServer/6
US Vessel Traffic 2018 08,08,2018,2018_08,092dc47b7a414918b6bc9bb8c81c975f,US_Vessel_Traffic_2018_08_optimized,https://tiles.arcgis.com/tiles/P3ePLMYs2RVChkJx/arcgis/rest/services/US_Vessel_Traffic_2018_08_optimized/VectorTileServer,848ec2e92af74a21be9d92613cc0a06d,US_Vessel_Traffic_2018_08_creds,https://utility.arcgis.com/usrsvcs/servers/848ec2e92af74a21be9d92613cc0a06d/rest/services/AIS/2018_US_Vessel_Traffic/FeatureServer/7
US Vessel Traffic 2018 09,09,2018,2018_09,5bd0a261f34f4f738168b05fa4e1a3db,US_Vessel_Traffic_2018_09_optimized,https://tiles.arcgis.com/tiles/P3ePLMYs2RVChkJx/arcgis/rest/services/US_Vessel_Traffic_2018_09_optimized/VectorTileServer,5e596857cf054d31b024d2f080fa5b63,US_Vessel_Traffic_2018_09_creds,https://utility.arcgis.com/usrsvcs/servers/5e596857cf054d31b024d2f080fa5b63/rest/services/AIS/2018_US_Vessel_Traffic/FeatureServer/8
US Vessel Traffic 2018 10,10,2018,2018_10,1514f823f65a41df91b7644efef160ed,US_Vessel_Traffic_2018_10_optimized,https://tiles.arcgis.com/tiles/P3ePLMYs2RVChkJx/arcgis/rest/services/US_Vessel_Traffic_2018_10_optimized/VectorTileServer,de653ce2633a41188f2dace021bfefee,US_Vessel_Traffic_2018_10_creds,https://utility.arcgis.com/usrsvcs/servers/de653ce2633a41188f2dace021bfefee/rest/services/AIS/2018_US_Vessel_Traffic/FeatureServer/9
US Vessel Traffic 2018 11,11,2018,2018_11,0a90a01842934372a0a690875c0475cc,US_Vessel_Traffic_2018_11_optimized,https://tiles.arcgis.com/tiles/P3ePLMYs2RVChkJx/arcgis/rest/services/US_Vessel_Traffic_2018_11_optimized/VectorTileServer,0ef9635731e646bfbb68867801566a24,US_Vessel_Traffic_2018_11_creds,https://utility.arcgis.com/usrsvcs/servers/0ef9635731e646bfbb68867801566a24/rest/services/AIS/2018_US_Vessel_Traffic/FeatureServer/10
US Vessel Traffic 2018 12,12,2018,2018_12,1860c66701a446149481915ea0ac779d,US_Vessel_Traffic_2018_12_optimized,https://tiles.arcgis.com/tiles/P3ePLMYs2RVChkJx/arcgis/rest/services/US_Vessel_Traffic_2018_12_optimized/VectorTileServer,7c26ec10784a4968b2001f9d1e92afe7,US_Vessel_Traffic_2018_12_creds,https://utility.arcgis.com/usrsvcs/servers/7c26ec10784a4968b2001f9d1e92afe7/rest/services/AIS/2018_US_Vessel_Traffic/FeatureServer/11
US Vessel Traffic 2019 01,01,2019,2019_01,440628dc5b544e10a3440be1a68651c4,US_Vessel_Traffic_2019_01_optimized,https://tiles.arcgis.com/tiles/P3ePLMYs2RVChkJx/arcgis/rest/services/US_Vessel_Traffic_2019_01_optimized/VectorTileServer,ec5ffe2dd3834175a5524a6753661929,US_Vessel_Traffic_2019_01_creds,https://utility.arcgis.com/usrsvcs/servers/ec5ffe2dd3834175a5524a6753661929/rest/services/AIS/2019_US_Vessel_Traffic/FeatureServer/0
US Vessel Traffic 2019 02,02,2019,2019_02,90467f9599c6478cb2d3df287757174c,US_Vessel_Traffic_2019_02_optimized,https://tiles.arcgis.com/tiles/P3ePLMYs2RVChkJx/arcgis/rest/services/US_Vessel_Traffic_2019_02_optimized/VectorTileServer,6f4c7440fca9489ead6015e12f9ce310,US_Vessel_Traffic_2019_02_creds,https://utility.arcgis.com/usrsvcs/servers/6f4c7440fca9489ead6015e12f9ce310/rest/services/AIS/2019_US_Vessel_Traffic/FeatureServer/1
US Vessel Traffic 2019 03,03,2019,2019_03,4fed16b69c8c4c5b87027de577cb14ff,US_Vessel_Traffic_2019_03_optimized,https://tiles.arcgis.com/tiles/P3ePLMYs2RVChkJx/arcgis/rest/services/US_Vessel_Traffic_2019_03_optimized/VectorTileServer,b6330b2f0e254aa2bed1b2a9b69a85fb,US_Vessel_Traffic_2019_03_creds,https://utility.arcgis.com/usrsvcs/servers/b6330b2f0e254aa2bed1b2a9b69a85fb/rest/services/AIS/2019_US_Vessel_Traffic/FeatureServer/2
US Vessel Traffic 2019 04,04,2019,2019_04,1ea3d3614ab54825a16741ba62850af2,US_Vessel_Traffic_2019_04_optimized,https://tiles.arcgis.com/tiles/P3ePLMYs2RVChkJx/arcgis/rest/services/US_Vessel_Traffic_2019_04_optimized/VectorTileServer,c07810aaaf0343f6906cdec4928c8a46,US_Vessel_Traffic_2019_04_creds,https://utility.arcgis.com/usrsvcs/servers/c07810aaaf0343f6906cdec4928c8a46/rest/services/AIS/2019_US_Vessel_Traffic/FeatureServer/3
US Vessel Traffic 2019 05,05,2019,2019_05,a6dd03cbdda64c5bae39d36a96a206bf,US_Vessel_Traffic_2019_05_optimized,https://tiles.arcgis.com/tiles/P3ePLMYs2RVChkJx/arcgis/rest/services/US_Vessel_Traffic_2019_05_optimized/VectorTileServer,689a237b24c647468b59c6a57fc7008c,US_Vessel_Traffic_2019_05_creds,https://utility.arcgis.com/usrsvcs/servers/689a237b24c647468b59c6a57fc7008c/rest/services/AIS/2019_US_Vessel_Traffic/FeatureServer/4
US Vessel Traffic 2019 06,06,2019,2019_06,47e559e189ea40779c5dcdcec21397c3,US_Vessel_Traffic_2019_06_optimized,https://tiles.arcgis.com/tiles/P3ePLMYs2RVChkJx/arcgis/rest/services/US_Vessel_Traffic_2019_06_optimized/VectorTileServer,f396d93fd3734db3b2d6b7be3e48402e,US_Vessel_Traffic_2019_06_creds,https://utility.arcgis.com/usrsvcs/servers/f396d93fd3734db3b2d6b7be3e48402e/rest/services/AIS/2019_US_Vessel_Traffic/FeatureServer/5
US Vessel Traffic 2019 07,07,2019,2019_07,043a75c4f16f43699fe68232b0129590,US_Vessel_Traffic_2019_07_optimized,https://tiles.arcgis.com/tiles/P3ePLMYs2RVChkJx/arcgis/rest/services/US_Vessel_Traffic_2019_07_optimized/VectorTileServer,746f947ade92490c9dea554f2a31bb9d,US_Vessel_Traffic_2019_07_creds,https://utility.arcgis.com/usrsvcs/servers/746f947ade92490c9dea554f2a31bb9d/rest/services/AIS/2019_US_Vessel_Traffic/FeatureServer/6
US Vessel Traffic 2019 08,08,2019,2019_08,e91728c7a32543b2953d367d8189a39f,US_Vessel_Traffic_2019_08_optimized,https://tiles.arcgis.com/tiles/P3ePLMYs2RVChkJx/arcgis/rest/services/US_Vessel_Traffic_2019_08_optimized/VectorTileServer,0ab11e3fdbb44e6ebff95d0ff073d821,US_Vessel_Traffic_2019_08_creds,https://utility.arcgis.com/usrsvcs/servers/0ab11e3fdbb44e6ebff95d0ff073d821/rest/services/AIS/2019_US_Vessel_Traffic/FeatureServer/7
US Vessel Traffic 2019 09,09,2019,2019_09,dbebb5b4b61d40868c139af5cab99369,US_Vessel_Traffic_2019_09_optimized,https://tiles.arcgis.com/tiles/P3ePLMYs2RVChkJx/arcgis/rest/services/US_Vessel_Traffic_2019_09_optimized/VectorTileServer,ea977ed6b9b0409e93bbe42cfb44412b,US_Vessel_Traffic_2019_09_creds,https://utility.arcgis.com/usrsvcs/servers/ea977ed6b9b0409e93bbe42cfb44412b/rest/services/AIS/2019_US_Vessel_Traffic/FeatureServer/8
US Vessel Traffic 2019 10,10,2019,2019_10,4550fc16b8a44afeaa6128f718f08238,US_Vessel_Traffic_2019_10_optimized,https://tiles.arcgis.com/tiles/P3ePLMYs2RVChkJx/arcgis/rest/services/US_Vessel_Traffic_2019_10_optimized/VectorTileServer,22188b588c6a4dcc966a3c94254234d1,US_Vessel_Traffic_2019_10_creds,https://utility.arcgis.com/usrsvcs/servers/22188b588c6a4dcc966a3c94254234d1/rest/services/AIS/2019_US_Vessel_Traffic/FeatureServer/9
US Vessel Traffic 2019 11,11,2019,2019_11,cd91736504904e8e9fba2f4e3a472e50,US_Vessel_Traffic_2019_11_optimized,https://tiles.arcgis.com/tiles/P3ePLMYs2RVChkJx/arcgis/rest/services/US_Vessel_Traffic_2019_11_optimized/VectorTileServer,5357c64306e14c3e942585f88c79336d,US_Vessel_Traffic_2019_11_creds,https://utility.arcgis.com/usrsvcs/servers/5357c64306e14c3e942585f88c79336d/rest/services/AIS/2019_US_Vessel_Traffic/FeatureServer/10
US Vessel Traffic 2019 12,12,2019,2019_12,93e0a3488f544c63a55437821d5aefec,US_Vessel_Traffic_2019_12_optimized,https://tiles.arcgis.com/tiles/P3ePLMYs2RVChkJx/arcgis/rest/services/US_Vessel_Traffic_2019_12_optimized/VectorTileServer,a70ee53da57a4d9a9061f5bf60cf5c9e,US_Vessel_Traffic_2019_12_creds,https://utility.arcgis.com/usrsvcs/servers/a70ee53da57a4d9a9061f5bf60cf5c9e/rest/services/AIS/2019_US_Vessel_Traffic/FeatureServer/11
US Vessel Traffic 2020 01,01,2020,2020_01,f58e4fda1d7645cab6de8aca6c45f7b2,US_Vessel_Traffic_2020_01_optimized,https://tiles.arcgis.com/tiles/P3ePLMYs2RVChkJx/arcgis/rest/services/US_Vessel_Traffic_2020_01_optimized/VectorTileServer,52b935b85dd14b839c9735c2a6197b88,US_Vessel_Traffic_2020_01_creds,https://utility.arcgis.com/usrsvcs/servers/52b935b85dd14b839c9735c2a6197b88/rest/services/AIS/2020_US_Vessel_Traffic/FeatureServer/0
US Vessel Traffic 2020 02,02,2020,2020_02,323496aadd7046df9b194d73b81d0ea9,US_Vessel_Traffic_2020_02_optimized,https://tiles.arcgis.com/tiles/P3ePLMYs2RVChkJx/arcgis/rest/services/US_Vessel_Traffic_2020_02_optimized/VectorTileServer,f82458ce064147a0b38c9c31f6eabcc8,US_Vessel_Traffic_2020_02_creds,https://utility.arcgis.com/usrsvcs/servers/f82458ce064147a0b38c9c31f6eabcc8/rest/services/AIS/2020_US_Vessel_Traffic/FeatureServer/1
US Vessel Traffic 2020 03,03,2020,2020_03,208884a495a849eeb4129f2b46481129,US_Vessel_Traffic_2020_03_optimized,https://tiles.arcgis.com/tiles/P3ePLMYs2RVChkJx/arcgis/rest/services/US_Vessel_Traffic_2020_03_optimized/VectorTileServer,d95236df85834d7f9596d928980a5b2a,US_Vessel_Traffic_2020_03_creds,https://utility.arcgis.com/usrsvcs/servers/d95236df85834d7f9596d928980a5b2a/rest/services/AIS/2020_US_Vessel_Traffic/FeatureServer/2
US Vessel Traffic 2020 04,04,2020,2020_04,59625bacf1a84ce290ff110b6f9ca3d1,US_Vessel_Traffic_2020_04_optimized,https://tiles.arcgis.com/tiles/P3ePLMYs2RVChkJx/arcgis/rest/services/US_Vessel_Traffic_2020_04_optimized/VectorTileServer,0b365d08eb444fb5a5631787195cbb51,US_Vessel_Traffic_2020_04_creds,https://utility.arcgis.com/usrsvcs/servers/0b365d08eb444fb5a5631787195cbb51/rest/services/AIS/2020_US_Vessel_Traffic/FeatureServer/3
US Vessel Traffic 2020 05,05,2020,2020_05,fd784f39ed884f05845a96ee2744ec61,US_Vessel_Traffic_2020_05_optimized,https://tiles.arcgis.com/tiles/P3ePLMYs2RVChkJx/arcgis/rest/services/US_Vessel_Traffic_2020_05_optimized/VectorTileServer,d37e8ccf7d03484b96f3dd3cf1c53481,US_Vessel_Traffic_2020_05_creds,https://utility.arcgis.com/usrsvcs/servers/d37e8ccf7d03484b96f3dd3cf1c53481/rest/services/AIS/2020_US_Vessel_Traffic/FeatureServer/4
US Vessel Traffic 2020 06,06,2020,2020_06,8619005f39564ece9a18035852aa2ec7,US_Vessel_Traffic_2020_06_optimized,https://tiles.arcgis.com/tiles/P3ePLMYs2RVChkJx/arcgis/rest/services/US_Vessel_Traffic_2020_06_optimized/VectorTileServer,3d01eb7323304d50b0c4dce1d40649ba,US_Vessel_Traffic_2020_06_creds,https://utility.arcgis.com/usrsvcs/servers/3d01eb7323304d50b0c4dce1d40649ba/rest/services/AIS/2020_US_Vessel_Traffic/FeatureServer/5
US Vessel Traffic 2020 07,07,2020,2020_07,2d3e256306c647859637fb8032823d47,US_Vessel_Traffic_2020_07_optimized,https://tiles.arcgis.com/tiles/P3ePLMYs2RVChkJx/arcgis/rest/services/US_Vessel_Traffic_2020_07_optimized/VectorTileServer,0154e9568c914a37bf1296fab45f8eee,US_Vessel_Traffic_2020_07_creds,https://utility.arcgis.com/usrsvcs/servers/0154e9568c914a37bf1296fab45f8eee/rest/services/AIS/2020_US_Vessel_Traffic/FeatureServer/6
US Vessel Traffic 2020 08,08,2020,2020_08,490789deebe84407970f7b7565838a68,US_Vessel_Traffic_2020_08_optimized,https://tiles.arcgis.com/tiles/P3ePLMYs2RVChkJx/arcgis/rest/services/US_Vessel_Traffic_2020_08_optimized/VectorTileServer,5dfec5f97f4240688468c497717faeef,US_Vessel_Traffic_2020_08_creds,https://utility.arcgis.com/usrsvcs/servers/5dfec5f97f4240688468c497717faeef/rest/services/AIS/2020_US_Vessel_Traffic/FeatureServer/7
US Vessel Traffic 2020 09,09,2020,2020_09,33ecd9aa06a74d35beda7ef86de7d614,US_Vessel_Traffic_2020_09_optimized,https://tiles.arcgis.com/tiles/P3ePLMYs2RVChkJx/arcgis/rest/services/US_Vessel_Traffic_2020_09_optimized/VectorTileServer,c31c9fdcb237476aa9c91956cc9917c7,US_Vessel_Traffic_2020_09_creds,https://utility.arcgis.com/usrsvcs/servers/c31c9fdcb237476aa9c91956cc9917c7/rest/services/AIS/2020_US_Vessel_Traffic/FeatureServer/8
US Vessel Traffic 2020 10,10,2020,2020_10,9239125d39dc4c88859b88735f99ddb5,US_Vessel_Traffic_2020_10_optimized,https://tiles.arcgis.com/tiles/P3ePLMYs2RVChkJx/arcgis/rest/services/US_Vessel_Traffic_2020_10_optimized/VectorTileServer,730295f2729c4da7ae3f2504aae50df2,US_Vessel_Traffic_2020_10_creds,https://utility.arcgis.com/usrsvcs/servers/730295f2729c4da7ae3f2504aae50df2/rest/services/AIS/2020_US_Vessel_Traffic/FeatureServer/9
US Vessel Traffic 2020 11,11,2020,2020_11,c4cb32f15d094840a6f9bf306522824b,US_Vessel_Traffic_2020_11_optimized,https://tiles.arcgis.com/tiles/P3ePLMYs2RVChkJx/arcgis/rest/services/US_Vessel_Traffic_2020_11_optimized/VectorTileServer,d9717e99d9b149b2b4cf28d3ca8f6adb,US_Vessel_Traffic_2020_11_creds,https://utility.arcgis.com/usrsvcs/servers/d9717e99d9b149b2b4cf28d3ca8f6adb/rest/services/AIS/2020_US_Vessel_Traffic/FeatureServer/10
US Vessel Traffic 2020 12,12,2020,2020_12,fd6238cfe546490fa5dafb52578e2c31,US_Vessel_Traffic_2020_12_optimized,https://tiles.arcgis.com/tiles/P3ePLMYs2RVChkJx/arcgis/rest/services/US_Vessel_Traffic_2020_12_optimized/VectorTileServer,1cfcafa8c10441f59448e8d155aebf62,US_Vessel_Traffic_2020_12_creds,https://utility.arcgis.com/usrsvcs/servers/1cfcafa8c10441f59448e8d155aebf62/rest/services/AIS/2020_US_Vessel_Traffic/FeatureServer/11
US Vessel Traffic 2021 01,01,2021,2021_01,6d131b9a671a46c8b98da84e3ca72ba5,US_Vessel_Traffic_2021_01_optimized,https://tiles.arcgis.com/tiles/P3ePLMYs2RVChkJx/arcgis/rest/services/US_Vessel_Traffic_2021_01_optimized/VectorTileServer,e18ea71ee8fa44ba8d9f0c12d1e7b8ea,US_Vessel_Traffic_2021_01_creds,https://utility.arcgis.com/usrsvcs/servers/e18ea71ee8fa44ba8d9f0c12d1e7b8ea/rest/services/AIS/2021_US_Vessel_Traffic/FeatureServer/0
US Vessel Traffic 2021 02,02,2021,2021_02,c5317229d5ee4da8ad0fe351e774b46b,US_Vessel_Traffic_2021_02_optimized,https://tiles.arcgis.com/tiles/P3ePLMYs2RVChkJx/arcgis/rest/services/US_Vessel_Traffic_2021_02_optimized/VectorTileServer,52e221afe10e4a63b52889f340333e5d,US_Vessel_Traffic_2021_02_creds,https://utility.arcgis.com/usrsvcs/servers/52e221afe10e4a63b52889f340333e5d/rest/services/AIS/2021_US_Vessel_Traffic/FeatureServer/1
US Vessel Traffic 2021 03,03,2021,2021_03,28efa3b6d0674c71ad832581b0b21c61,US_Vessel_Traffic_2021_03_optimized,https://tiles.arcgis.com/tiles/P3ePLMYs2RVChkJx/arcgis/rest/services/US_Vessel_Traffic_2021_03_optimized/VectorTileServer,a74475cfc57f4c22a7b9887d84243d88,US_Vessel_Traffic_2021_03_creds,https://utility.arcgis.com/usrsvcs/servers/a74475cfc57f4c22a7b9887d84243d88/rest/services/AIS/2021_US_Vessel_Traffic/FeatureServer/2
US Vessel Traffic 2021 04,04,2021,2021_04,c5299373eba541b79b7ad5dc6a7a4d67,US_Vessel_Traffic_2021_04_optimized,https://tiles.arcgis.com/tiles/P3ePLMYs2RVChkJx/arcgis/rest/services/US_Vessel_Traffic_2021_04_optimized/VectorTileServer,a215f0fda09d46e8abd5b96034ce8c9f,US_Vessel_Traffic_2021_04_creds,https://utility.arcgis.com/usrsvcs/servers/a215f0fda09d46e8abd5b96034ce8c9f/rest/services/AIS/2021_US_Vessel_Traffic/FeatureServer/3
US Vessel Traffic 2021 05,05,2021,2021_05,e8ac52af4b754bebb965c6a3b1ab0062,US_Vessel_Traffic_2021_05_optimized,https://tiles.arcgis.com/tiles/P3ePLMYs2RVChkJx/arcgis/rest/services/US_Vessel_Traffic_2021_05_optimized/VectorTileServer,da6e43ec357c4922a770a7f54e1f2b06,US_Vessel_Traffic_2021_05_creds,https://utility.arcgis.com/usrsvcs/servers/da6e43ec357c4922a770a7f54e1f2b06/rest/services/AIS/2021_US_Vessel_Traffic/FeatureServer/4
US Vessel Traffic 2021 06,06,2021,2021_06,6ad5d75e210a41468d358574ca09eac6,US_Vessel_Traffic_2021_06_optimized,https://tiles.arcgis.com/tiles/P3ePLMYs2RVChkJx/arcgis/rest/services/US_Vessel_Traffic_2021_06_optimized/VectorTileServer,2cb3e551667946aab733a6ec6ca19edf,US_Vessel_Traffic_2021_06_creds,https://utility.arcgis.com/usrsvcs/servers/2cb3e551667946aab733a6ec6ca19edf/rest/services/AIS/2021_US_Vessel_Traffic/FeatureServer/5
US Vessel Traffic 2021 07,07,2021,2021_07,8401de63dbbc48fb9e775c6a714fd0cc,US_Vessel_Traffic_2021_07_optimized,https://tiles.arcgis.com/tiles/P3ePLMYs2RVChkJx/arcgis/rest/services/US_Vessel_Traffic_2021_07_optimized/VectorTileServer,79e512925c314b7b866cea4c0efc95e6,US_Vessel_Traffic_2021_07_creds,https://utility.arcgis.com/usrsvcs/servers/79e512925c314b7b866cea4c0efc95e6/rest/services/AIS/2021_US_Vessel_Traffic/FeatureServer/6
US Vessel Traffic 2021 08,08,2021,2021_08,b75a7b5492324c09a9869aac8069e34d,US_Vessel_Traffic_2021_08_optimized,https://tiles.arcgis.com/tiles/P3ePLMYs2RVChkJx/arcgis/rest/services/US_Vessel_Traffic_2021_08_optimized/VectorTileServer,8089c2365b0d413e983bbdc71bd5176a,US_Vessel_Traffic_2021_08_creds,https://utility.arcgis.com/usrsvcs/servers/8089c2365b0d413e983bbdc71bd5176a/rest/services/AIS/2021_US_Vessel_Traffic/FeatureServer/7
US Vessel Traffic 2021 09,09,2021,2021_09,3c2fd101f4194894b00c311f2e4bcb15,US_Vessel_Traffic_2021_09_optimized,https://tiles.arcgis.com/tiles/P3ePLMYs2RVChkJx/arcgis/rest/services/US_Vessel_Traffic_2021_09_optimized/VectorTileServer,8f4c1b54283f4355b7b083bda03a3bf5,US_Vessel_Traffic_2021_09_creds,https://utility.arcgis.com/usrsvcs/servers/8f4c1b54283f4355b7b083bda03a3bf5/rest/services/AIS/2021_US_Vessel_Traffic/FeatureServer/8
US Vessel Traffic 2021 10,10,2021,2021_10,0bdf7e4933274c9b96808e1b36d09bc1,US_Vessel_Traffic_2021_10_optimized,https://tiles.arcgis.com/tiles/P3ePLMYs2RVChkJx/arcgis/rest/services/US_Vessel_Traffic_2021_10_optimized/VectorTileServer,8402ac2adfae43d0aeda8b15e52cb6e4,US_Vessel_Traffic_2021_10_creds,https://utility.arcgis.com/usrsvcs/servers/8402ac2adfae43d0aeda8b15e52cb6e4/rest/services/AIS/2021_US_Vessel_Traffic/FeatureServer/9
US Vessel Traffic 2021 11,11,2021,2021_11,7389179acea8426a9482c057e0a97813,US_Vessel_Traffic_2021_11_optimized,https://tiles.arcgis.com/tiles/P3ePLMYs2RVChkJx/arcgis/rest/services/US_Vessel_Traffic_2021_11_optimized/VectorTileServer,f81597209e8047978cb5db31df701737,US_Vessel_Traffic_2021_11_creds,https://utility.arcgis.com/usrsvcs/servers/f81597209e8047978cb5db31df701737/rest/services/AIS/2021_US_Vessel_Traffic/FeatureServer/10
US Vessel Traffic 2021 12,12,2021,2021_12,6fcc0c3970934db2ade644e323c83719,US_Vessel_Traffic_2021_12_optimized,https://tiles.arcgis.com/tiles/P3ePLMYs2RVChkJx/arcgis/rest/services/US_Vessel_Traffic_2021_12_optimized/VectorTileServer,0d3727df90464fb5af429c3adb8d4f38,US_Vessel_Traffic_2021_12_creds,https://utility.arcgis.com/usrsvcs/servers/0d3727df90464fb5af429c3adb8d4f38/rest/services/AIS/2021_US_Vessel_Traffic/FeatureServer/11
US Vessel Traffic 2022 01,01,2022,2022_01,8174f21c7fb8452dbb8e421dbdee6673,US_Vessel_Traffic_2022_01_optimized,https://tiles.arcgis.com/tiles/P3ePLMYs2RVChkJx/arcgis/rest/services/US_Vessel_Traffic_2022_01_optimized/VectorTileServer,f422563114ab41aa8dff0252fe1cb84f,US_Vessel_Traffic_2022_01_creds,https://utility.arcgis.com/usrsvcs/servers/f422563114ab41aa8dff0252fe1cb84f/rest/services/AIS/2022_US_Vessel_Traffic/FeatureServer/0
US Vessel Traffic 2022 02,02,2022,2022_02,36b12158763a4d7e9cd8bcf2ccb5961e,US_Vessel_Traffic_2022_02_optimized,https://tiles.arcgis.com/tiles/P3ePLMYs2RVChkJx/arcgis/rest/services/US_Vessel_Traffic_2022_02_optimized/VectorTileServer,e51482501db342e3a5298cd9a2ed050d,US_Vessel_Traffic_2022_02_creds,https://utility.arcgis.com/usrsvcs/servers/e51482501db342e3a5298cd9a2ed050d/rest/services/AIS/2022_US_Vessel_Traffic/FeatureServer/1
US Vessel Traffic 2022 03,03,2022,2022_03,c6afc288e42c43729e07d0100a8ac899,US_Vessel_Traffic_2022_03_optimized,https://tiles.arcgis.com/tiles/P3ePLMYs2RVChkJx/arcgis/rest/services/US_Vessel_Traffic_2022_03_optimized/VectorTileServer,2db5be8c32c44d03afc48c952f34102d,US_Vessel_Traffic_2022_03_creds,https://utility.arcgis.com/usrsvcs/servers/2db5be8c32c44d03afc48c952f34102d/rest/services/AIS/2022_US_Vessel_Traffic/FeatureServer/2
US Vessel Traffic 2022 04,04,2022,2022_04,6f197d8442634dbf860fdcad362012da,US_Vessel_Traffic_2022_04_optimized,https://tiles.arcgis.com/tiles/P3ePLMYs2RVChkJx/arcgis/rest/services/US_Vessel_Traffic_2022_04_optimized/VectorTileServer,7fdf4e8be4f34192bb4f463399a2b229,US_Vessel_Traffic_2022_04_creds,https://utility.arcgis.com/usrsvcs/servers/7fdf4e8be4f34192bb4f463399a2b229/rest/services/AIS/2022_US_Vessel_Traffic/FeatureServer/3
US Vessel Traffic 2022 05,05,2022,2022_05,aa33c788bec540eb91191df0c1fa7753,US_Vessel_Traffic_2022_05_optimized,https://tiles.arcgis.com/tiles/P3ePLMYs2RVChkJx/arcgis/rest/services/US_Vessel_Traffic_2022_05_optimized/VectorTileServer,cc47b3a626f64d269a3b7e763d24756b,US_Vessel_Traffic_2022_05_creds,https://utility.arcgis.com/usrsvcs/servers/cc47b3a626f64d269a3b7e763d24756b/rest/services/AIS/2022_US_Vessel_Traffic/FeatureServer/4
US Vessel Traffic 2022 06,06,2022,2022_06,0e86bcf360a846bb9cd2dcd402ec83b4,US_Vessel_Traffic_2022_06_optimized,https://tiles.arcgis.com/tiles/P3ePLMYs2RVChkJx/arcgis/rest/services/US_Vessel_Traffic_2022_06_optimized/VectorTileServer,796b4b7d3acc4806864026f088d4e4b9,US_Vessel_Traffic_2022_06_creds,https://utility.arcgis.com/usrsvcs/servers/796b4b7d3acc4806864026f088d4e4b9/rest/services/AIS/2022_US_Vessel_Traffic/FeatureServer/5
US Vessel Traffic 2022 07,07,2022,2022_07,e4f60301d52a44d2823218a850a0b76a,US_Vessel_Traffic_2022_07_optimized,https://tiles.arcgis.com/tiles/P3ePLMYs2RVChkJx/arcgis/rest/services/US_Vessel_Traffic_2022_07_optimized/VectorTileServer,f0e695f375e2492c9f26158dde0c202f,US_Vessel_Traffic_2022_07_creds,https://utility.arcgis.com/usrsvcs/servers/f0e695f375e2492c9f26158dde0c202f/rest/services/AIS/2022_US_Vessel_Traffic/FeatureServer/6
US Vessel Traffic 2022 08,08,2022,2022_08,a8c38a781e794cba97b4a1ca34d98bbc,US_Vessel_Traffic_2022_08_optimized,https://tiles.arcgis.com/tiles/P3ePLMYs2RVChkJx/arcgis/rest/services/US_Vessel_Traffic_2022_08_optimized/VectorTileServer,038890756b854da6a1f9bb8e7fb78660,US_Vessel_Traffic_2022_08_creds,https://utility.arcgis.com/usrsvcs/servers/038890756b854da6a1f9bb8e7fb78660/rest/services/AIS/2022_US_Vessel_Traffic/FeatureServer/7
US Vessel Traffic 2022 09,09,2022,2022_09,f988ee309fbc415badef479e85950139,US_Vessel_Traffic_2022_09_optimized,https://tiles.arcgis.com/tiles/P3ePLMYs2RVChkJx/arcgis/rest/services/US_Vessel_Traffic_2022_09_optimized/VectorTileServer,fec3adced6c74bef90e0c756b2841555,US_Vessel_Traffic_2022_09_creds,https://utility.arcgis.com/usrsvcs/servers/fec3adced6c74bef90e0c756b2841555/rest/services/AIS/2022_US_Vessel_Traffic/FeatureServer/8
US Vessel Traffic 2022 10,10,2022,2022_10,25c97a7390464405a4725c309d9c6f19,US_Vessel_Traffic_2022_10_optimized,https://tiles.arcgis.com/tiles/P3ePLMYs2RVChkJx/arcgis/rest/services/US_Vessel_Traffic_2022_10_optimized/VectorTileServer,3c8fed2f7b2447678fa87f941f59875d,US_Vessel_Traffic_2022_10_creds,https://utility.arcgis.com/usrsvcs/servers/3c8fed2f7b2447678fa87f941f59875d/rest/services/AIS/2022_US_Vessel_Traffic/FeatureServer/9
US Vessel Traffic 2022 11,11,2022,2022_11,a42c37599c2b43c9ae68b33ddfea52e6,US_Vessel_Traffic_2022_11_optimized,https://tiles.arcgis.com/tiles/P3ePLMYs2RVChkJx/arcgis/rest/services/US_Vessel_Traffic_2022_11_optimized/VectorTileServer,5987f1eaa426445a9e5c2fe9b5f5d1cb,US_Vessel_Traffic_2022_11_creds,https://utility.arcgis.com/usrsvcs/servers/5987f1eaa426445a9e5c2fe9b5f5d1cb/rest/services/AIS/2022_US_Vessel_Traffic/FeatureServer/10
US Vessel Traffic 2022 12,12,2022,2022_12,f0fcf62614d34a5a827fb0e7303e2726,US_Vessel_Traffic_2022_12_optimized,https://tiles.arcgis.com/tiles/P3ePLMYs2RVChkJx/arcgis/rest/services/US_Vessel_Traffic_2022_12_optimized/VectorTileServer,212918d0a89142f39edbd093ec1c44c9,US_Vessel_Traffic_2022_12_creds,https://utility.arcgis.com/usrsvcs/servers/212918d0a89142f39edbd093ec1c44c9/rest/services/AIS/2022_US_Vessel_Traffic/FeatureServer/11
US Vessel Traffic 2023 01,01,2023,2023_01,41d6c1b1a68f4042a744021f5d8ab630,US_Vessel_Traffic_2023_01_optimized,https://tiles.arcgis.com/tiles/P3ePLMYs2RVChkJx/arcgis/rest/services/US_Vessel_Traffic_2023_01_optimized/VectorTileServer,2fe125d219474a8caf8162892751064b,US_Vessel_Traffic_2023_01_creds,https://utility.arcgis.com/usrsvcs/servers/2fe125d219474a8caf8162892751064b/rest/services/AIS/2023_US_Vessel_Traffic/FeatureServer/0
US Vessel Traffic 2023 02,02,2023,2023_02,5fef5d256bda40458eb9d5e8a164b24b,US_Vessel_Traffic_2023_02_optimized,https://tiles.arcgis.com/tiles/P3ePLMYs2RVChkJx/arcgis/rest/services/US_Vessel_Traffic_2023_02_optimized/VectorTileServer,355023e76fe640179ee74280376dec58,US_Vessel_Traffic_2023_02_creds,https://utility.arcgis.com/usrsvcs/servers/355023e76fe640179ee74280376dec58/rest/services/AIS/2023_US_Vessel_Traffic/FeatureServer/1
US Vessel Traffic 2023 03,03,2023,2023_03,d60ec66600e243d2bbb5a0b703b5dbc7,US_Vessel_Traffic_2023_03_optimized,https://tiles.arcgis.com/tiles/P3ePLMYs2RVChkJx/arcgis/rest/services/US_Vessel_Traffic_2023_03_optimized/VectorTileServer,4974980dbca04dbb9b173d517b677b0e,US_Vessel_Traffic_2023_03_creds,https://utility.arcgis.com/usrsvcs/servers/4974980dbca04dbb9b173d517b677b0e/rest/services/AIS/2023_US_Vessel_Traffic/FeatureServer/2
US Vessel Traffic 2023 04,04,2023,2023_04,8fedddc98038497bb4ef39a82d5d4019,US_Vessel_Traffic_2023_04_optimized,https://tiles.arcgis.com/tiles/P3ePLMYs2RVChkJx/arcgis/rest/services/US_Vessel_Traffic_2023_04_optimized/VectorTileServer,e0609bca7c65401980673c6ca804edd1,US_Vessel_Traffic_2023_04_creds,https://utility.arcgis.com/usrsvcs/servers/e0609bca7c65401980673c6ca804edd1/rest/services/AIS/2023_US_Vessel_Traffic/FeatureServer/3
US Vessel Traffic 2023 05,05,2023,2023_05,060cfa8cd2ce4547961213b818e222eb,US_Vessel_Traffic_2023_05_optimized,https://tiles.arcgis.com/tiles/P3ePLMYs2RVChkJx/arcgis/rest/services/US_Vessel_Traffic_2023_05_optimized/VectorTileServer,6a4a029c00fb44e4932c109fcb9387e5,US_Vessel_Traffic_2023_05_creds,https://utility.arcgis.com/usrsvcs/servers/6a4a029c00fb44e4932c109fcb9387e5/rest/services/AIS/2023_US_Vessel_Traffic/FeatureServer/4
US Vessel Traffic 2023 06,06,2023,2023_06,5f26d6e78c3046d0ac95f75c90dbef8e,US_Vessel_Traffic_2023_06_optimized,https://tiles.arcgis.com/tiles/P3ePLMYs2RVChkJx/arcgis/rest/services/US_Vessel_Traffic_2023_06_optimized/VectorTileServer,64591aff37814f119a78fa106ad87bf7,US_Vessel_Traffic_2023_06_creds,https://utility.arcgis.com/usrsvcs/servers/64591aff37814f119a78fa106ad87bf7/rest/services/AIS/2023_US_Vessel_Traffic/FeatureServer/5
US Vessel Traffic 2023 07,07,2023,2023_07,ec4ad4dc1f814357a5db4f8bd05929f8,US_Vessel_Traffic_2023_07_optimized,https://tiles.arcgis.com/tiles/P3ePLMYs2RVChkJx/arcgis/rest/services/US_Vessel_Traffic_2023_07_optimized/VectorTileServer,821e85439a744ef69afbaf912d0494c0,US_Vessel_Traffic_2023_07_creds,https://utility.arcgis.com/usrsvcs/servers/821e85439a744ef69afbaf912d0494c0/rest/services/AIS/2023_US_Vessel_Traffic/FeatureServer/6
US Vessel Traffic 2023 08,08,2023,2023_08,1d4a0bda674e4270bb2f8949ae603d46,US_Vessel_Traffic_2023_08_optimized,https://tiles.arcgis.com/tiles/P3ePLMYs2RVChkJx/arcgis/rest/services/US_Vessel_Traffic_2023_08_optimized/VectorTileServer,258594d5814541999e10e9b371ba6ea2,US_Vessel_Traffic_2023_08_creds,https://utility.arcgis.com/usrsvcs/servers/258594d5814541999e10e9b371ba6ea2/rest/services/AIS/2023_US_Vessel_Traffic/FeatureServer/7
US Vessel Traffic 2023 09,09,2023,2023_09,36fcb86f191141679f9555b94f751af9,US_Vessel_Traffic_2023_09_optimized,https://tiles.arcgis.com/tiles/P3ePLMYs2RVChkJx/arcgis/rest/services/US_Vessel_Traffic_2023_09_optimized/VectorTileServer,216244b789254b069dcb20a0b9459a0c,US_Vessel_Traffic_2023_09_creds,https://utility.arcgis.com/usrsvcs/servers/216244b789254b069dcb20a0b9459a0c/rest/services/AIS/2023_US_Vessel_Traffic/FeatureServer/8
US Vessel Traffic 2023 10,10,2023,2023_10,23823f900f7b4aafaec038bf6f485311,US_Vessel_Traffic_2023_10_optimized,https://tiles.arcgis.com/tiles/P3ePLMYs2RVChkJx/arcgis/rest/services/US_Vessel_Traffic_2023_10_optimized/VectorTileServer,12ac7e5cacc242db81d92e74fbfd175f,US_Vessel_Traffic_2023_10_creds,https://utility.arcgis.com/usrsvcs/servers/12ac7e5cacc242db81d92e74fbfd175f/rest/services/AIS/2023_US_Vessel_Traffic/FeatureServer/9
US Vessel Traffic 2023 11,11,2023,2023_11,f693e65cb3f34f508d9d413619d9a0a7,US_Vessel_Traffic_2023_11_optimized,https://tiles.arcgis.com/tiles/P3ePLMYs2RVChkJx/arcgis/rest/services/US_Vessel_Traffic_2023_11_optimized/VectorTileServer,69880d829f814229a491e35cd42908e7,US_Vessel_Traffic_2023_11_creds,https://utility.arcgis.com/usrsvcs/servers/69880d829f814229a491e35cd42908e7/rest/services/AIS/2023_US_Vessel_Traffic/FeatureServer/10
US Vessel Traffic 2023 12,12,2023,2023_12,abe425e4ff6d4ebf989458ea4fffe6dc,US_Vessel_Traffic_2023_12_optimized,https://tiles.arcgis.com/tiles/P3ePLMYs2RVChkJx/arcgis/rest/services/US_Vessel_Traffic_2023_12_optimized/VectorTileServer,9344e972a44d4d5ba8992eb11718ca77,US_Vessel_Traffic_2023_12_creds,https://utility.arcgis.com/usrsvcs/servers/9344e972a44d4d5ba8992eb11718ca77/rest/services/AIS/2023_US_Vessel_Traffic/FeatureServer/11
US Vessel Traffic 2024 01,01,2024,2024_01,ba14baeb332e4b3bbbf19b706f0420a3,US_Vessel_Traffic_2024_01_optimized,https://tiles.arcgis.com/tiles/P3ePLMYs2RVChkJx/arcgis/rest/services/US_Vessel_Traffic_2024_01_optimized/VectorTileServer,514429711d23445684682fd54289c74d,US_Vessel_Traffic_2024_01_creds,https://utility.arcgis.com/usrsvcs/servers/514429711d23445684682fd54289c74d/rest/services/AIS/2024_US_Vessel_Traffic/FeatureServer/0
US Vessel Traffic 2024 02,02,2024,2024_02,73ddb391a19c4a428ae91a27ec3e508d,US_Vessel_Traffic_2024_02_optimized,https://tiles.arcgis.com/tiles/P3ePLMYs2RVChkJx/arcgis/rest/services/US_Vessel_Traffic_2024_02_optimized/VectorTileServer,02262ea33efe41f7bc209fd3bb6ad540,US_Vessel_Traffic_2024_02_creds,https://utility.arcgis.com/usrsvcs/servers/02262ea33efe41f7bc209fd3bb6ad540/rest/services/AIS/2024_US_Vessel_Traffic/FeatureServer/1
US Vessel Traffic 2024 03,03,2024,2024_03,250147caf57b493f9d81bc2fdaa9876d,US_Vessel_Traffic_2024_03_optimized,https://tiles.arcgis.com/tiles/P3ePLMYs2RVChkJx/arcgis/rest/services/US_Vessel_Traffic_2024_03_optimized/VectorTileServer,529f7976ce6a42ca91f546adc49352a2,US_Vessel_Traffic_2024_03_creds,https://utility.arcgis.com/usrsvcs/servers/529f7976ce6a42ca91f546adc49352a2/rest/services/AIS/2024_US_Vessel_Traffic/FeatureServer/2
